Name,Purpose
Dixon and Sons,Robust multimedia pricing structure for repurpose leading-edge schemas
"Vega, Davis and Mann",Realigned 4thgeneration policy for harness frictionless web-readiness
Hall-Simpson,Organic web-enabled pricing structure for syndicate cross-platform channels
Braun Inc,Focused fresh-thinking synergy for harness ubiquitous web services
Figueroa LLC,Function-based reciprocal productivity for incubate ubiquitous experiences
Neal-Lewis,Optional local approach for incubate robust deliverables
Pratt-Cervantes,Integrated homogeneous Graphical User Interface for expedite viral solutions
Johnson PLC,Networked next generation architecture for e-enable compelling models
Bryant-Davis,Sharable clear-thinking solution for morph ubiquitous markets
Lee and Sons,Secured responsive open architecture for whiteboard e-business initiatives
"Johnson, Cook and Cross",User-centric foreground flexibility for architect viral relationships
Hull-Roberson,Virtual non-volatile solution for incubate seamless markets
Fuller Inc,Enhanced demand-driven synergy for monetize user-centric channels
Kirk-Hood,Ameliorated multimedia strategy for evolve distributed architectures
House-Mitchell,Future-proofed analyzing analyzer for expedite viral communities
"Rodriguez, Perry and Taylor",Integrated 24/7 approach for transition distributed applications
"Potter, Alexander and Mccormick",Enterprise-wide next generation capability for e-enable revolutionary web-readiness
Taylor-Novak,Stand-alone fresh-thinking Graphic Interface for cultivate cutting-edge ROI
Dalton-Mercer,Enterprise-wide user-facing portal for empower magnetic convergence
"Hancock, Bates and Reyes",Visionary 24hour database for iterate one-to-one bandwidth
Castro-Reed,Cross-group national support for exploit compelling markets
Wilson Group,Multi-channeled well-modulated support for envisioneer visionary methodologies
"Bell, Jennings and Hardy",Switchable mission-critical emulation for evolve cross-media web services
"Stanley, Anderson and Singleton",Switchable hybrid application for unleash leading-edge supply-chains
"Evans, Poole and Miller",Vision-oriented national artificial intelligence for utilize cross-media infrastructures
Tapia-Edwards,Devolved 24/7 project for engineer wireless niches
Jackson-Carr,Pre-emptive exuding workforce for benchmark intuitive partnerships
"Long, Jones and Ortiz",Face-to-face zero-defect algorithm for engineer out-of-the-box portals
Rodriguez-Craig,Total bifurcated protocol for whiteboard value-added portals
"Williams, Garner and Jones",Self-enabling cohesive concept for iterate mission-critical functionalities
Choi-Ramsey,Horizontal optimal hub for incubate enterprise eyeballs
Thomas PLC,Synergized intermediate help-desk for enable strategic convergence
Sheppard-Hensley,Re-engineered value-added solution for mesh impactful users
Hanson Ltd,Synchronized dedicated pricing structure for monetize B2C infrastructures
Miller PLC,Cross-group asymmetric matrices for benchmark user-centric portals
Lewis-Grant,Ameliorated 3rdgeneration core for visualize cutting-edge metrics
Dunn Ltd,Profit-focused radical utilization for synergize impactful systems
"Stewart, Pierce and Ponce",Multi-tiered even-keeled portal for mesh cross-media niches
"Lee, Moran and Montoya",Optional motivating access for productize transparent deliverables
Turner-Villegas,Inverse bi-directional migration for scale magnetic portals
Phillips Group,Ergonomic zero administration concept for morph plug-and-play schemas
Rose-Bowman,Programmable radical solution for cultivate wireless metrics
Marshall Ltd,Balanced motivating task-force for cultivate proactive niches
"Freeman, Brown and Fisher",Integrated hybrid data-warehouse for deliver killer eyeballs
Johnson Ltd,Realigned maximized database for whiteboard end-to-end platforms
"Fuller, Jones and Wilcox",Adaptive homogeneous budgetary management for transition innovative solutions
Brown-Roberson,Centralized optimizing model for transition real-time users
Hughes PLC,Grass-roots mobile open system for cultivate user-centric vortals
Munoz LLC,Streamlined tangible collaboration for re-contextualize interactive e-services
"Moses, Bullock and Hart",Triple-buffered content-based synergy for visualize proactive initiatives
