,Name,Purpose
0,Lang PLC,Public-key disintermediate focus group for generate revolutionary technologies
1,Dean Group,Proactive responsive hub for orchestrate plug-and-play initiatives
2,Wright Inc,Ergonomic tertiary success for leverage world-class metrics
3,Bennett PLC,Balanced systemic framework for innovate transparent partnerships
4,"Hinton, French and Williams",Synchronized discrete hierarchy for streamline virtual networks
5,Richardson-Nash,Diverse demand-driven website for engineer user-centric action-items
6,Richard-Lopez,Networked disintermediate focus group for strategize sticky web services
7,"Morales, Anderson and Martin",Versatile zero administration neural-net for incentivize seamless info-mediaries
8,"Murray, Hahn and Jimenez",Function-based interactive benchmark for syndicate e-business infrastructures
9,Peterson LLC,Polarized human-resource collaboration for expedite virtual technologies
10,Jones LLC,Networked local architecture for engage bricks-and-clicks communities
11,"Torres, Clay and Perry",Secured coherent capacity for synthesize rich technologies
12,"Bridges, Sullivan and Franklin",Inverse optimizing project for enable dot-com methodologies
13,Marshall PLC,Adaptive intermediate capacity for architect out-of-the-box action-items
14,"Wagner, Morton and Vaughn",Quality-focused reciprocal protocol for facilitate killer e-commerce
15,Roberts Inc,Optional systematic forecast for generate extensible content
16,Kim-Johnson,Visionary responsive analyzer for productize best-of-breed niches
17,"Thornton, Stewart and David",Optimized optimizing initiative for monetize robust supply-chains
18,Mercado Ltd,Ameliorated bottom-line benchmark for generate strategic synergies
19,Sexton-Conway,Multi-layered empowering solution for engineer e-business solutions
20,Moore-Brown,Implemented national protocol for empower wireless e-services
21,Greene and Sons,Integrated transitional conglomeration for implement efficient solutions
22,Casey Inc,Persevering optimal capability for empower customized content
23,Nguyen LLC,Compatible bandwidth-monitored complexity for syndicate clicks-and-mortar info-mediaries
24,Cox Ltd,Extended leadingedge synergy for incubate viral supply-chains
25,"Cardenas, Lee and Charles",Distributed radical attitude for exploit granular e-commerce
26,"Turner, Hodges and Ray",Reactive modular installation for disintermediate end-to-end deliverables
27,"Weaver, Galvan and Grant",Universal impactful hub for brand wireless functionalities
28,"Ibarra, Lee and Gill",Programmable intermediate utilization for generate out-of-the-box interfaces
29,"Coleman, Mccoy and Bryant",Persistent 6thgeneration solution for maximize global synergies
30,White-Morgan,Switchable explicit open system for generate value-added mindshare
31,Hughes PLC,Progressive user-facing orchestration for orchestrate clicks-and-mortar web services
32,Davis-Ward,Profound 6thgeneration utilization for synthesize viral info-mediaries
33,Moore Ltd,Enhanced fresh-thinking synergy for repurpose user-centric supply-chains
34,"Sanders, Wise and Taylor",Diverse systematic initiative for streamline innovative supply-chains
35,Harris-Carr,Ameliorated composite workforce for enable 24/365 content
36,"Martinez, Wise and Haynes",Visionary bifurcated moratorium for mesh user-centric e-commerce
37,Morales-Johnson,Vision-oriented motivating Graphical User Interface for monetize strategic web services
38,Hernandez-Flores,Innovative exuding protocol for drive clicks-and-mortar mindshare
39,"Whitehead, Johnson and Harrison",Public-key eco-centric leverage for unleash user-centric mindshare
40,"Edwards, Evans and Brown",Reduced 24/7 portal for engage interactive e-services
41,Wilson and Sons,Extended solution-oriented strategy for orchestrate customized portals
42,Howard-Schmidt,Organic object-oriented matrices for orchestrate magnetic functionalities
43,Jones and Sons,Customer-focused methodical knowledge user for expedite impactful initiatives
44,"Dennis, Taylor and Williams",Balanced optimizing utilization for incubate 24/365 e-markets
45,Cook Inc,Decentralized attitude-oriented core for enable visionary architectures
46,"Green, Robertson and Foster",Persistent zero tolerance matrix for enable revolutionary markets
47,Warren-Kelly,Down-sized 5thgeneration leverage for scale dot-com deliverables
48,Henson and Sons,Ergonomic holistic hierarchy for visualize front-end infrastructures
49,Johnson-Powell,Fundamental multi-state framework for streamline value-added e-business
