NAME,PURPOSE
Patrick Inc,User-friendly maximized instruction set for redefine innovative action-items
Morris-Martin,Versatile context-sensitive infrastructure for grow real-time users
"Conway, Landry and Rivera",Stand-alone mission-critical knowledgebase for engage sticky channels
Logan-Roberts,Integrated optimal matrices for empower back-end technologies
Velez PLC,Vision-oriented secondary installation for incubate dynamic markets
Crawford Ltd,Future-proofed non-volatile database for extend world-class vortals
White PLC,Compatible high-level productivity for exploit dynamic action-items
Hull-Jordan,Programmable static application for re-intermediate e-business mindshare
"Wallace, Stanley and Townsend",Progressive content-based toolset for productize cross-platform technologies
"Fox, Klein and Clark",Vision-oriented composite knowledge user for repurpose proactive markets
Hampton Ltd,De-engineered secondary workforce for disintermediate cutting-edge portals
Miller-Patterson,Virtual systematic interface for aggregate clicks-and-mortar functionalities
Stewart Ltd,Seamless 4thgeneration definition for re-contextualize cross-platform supply-chains
Jordan-Evans,Sharable upward-trending paradigm for deploy world-class niches
"Griffin, Thompson and Gibson",Profit-focused demand-driven ability for seize back-end e-services
Gutierrez-Elliott,Cross-group local neural-net for streamline intuitive applications
Clark-Terrell,Networked 4thgeneration complexity for strategize plug-and-play markets
"Brown, Abbott and Davis",Integrated disintermediate middleware for morph collaborative eyeballs
"Gamble, Adkins and Guerra",Intuitive context-sensitive encryption for e-enable back-end e-business
Torres Group,Implemented asynchronous attitude for expedite cutting-edge e-services
Sanchez PLC,Centralized hybrid functionalities for engineer value-added networks
Shannon-Collins,Down-sized solution-oriented policy for incentivize efficient action-items
"Johnson, Mcneil and Nixon",Switchable tangible access for engage leading-edge e-services
Cline LLC,Customer-focused directional instruction set for reinvent best-of-breed methodologies
Reed PLC,Progressive 24hour projection for evolve customized technologies
Atkinson LLC,Organic intermediate neural-net for expedite B2B platforms
Brown Ltd,Robust static firmware for cultivate impactful convergence
Simpson Inc,Horizontal systemic Graphic Interface for maximize integrated partnerships
Carter LLC,Open-architected leadingedge artificial intelligence for utilize virtual communities
"Diaz, Murphy and Jacobs",Enhanced client-server functionalities for deploy ubiquitous action-items
Holt-Vasquez,Focused 24/7 collaboration for seize cutting-edge content
"Ruiz, Thompson and Martinez",Synergized zero-defect website for re-contextualize rich action-items
Johnson Ltd,Ergonomic motivating methodology for enable integrated channels
"Freeman, Meza and Robinson",Networked coherent matrices for leverage turn-key infrastructures
English Ltd,De-engineered human-resource extranet for revolutionize cutting-edge initiatives
Stuart Group,Open-source discrete parallelism for productize front-end supply-chains
"Fields, Scott and Cole",Customizable real-time artificial intelligence for productize bleeding-edge platforms
"Turner, Owens and Soto",Reverse-engineered 24/7 utilization for engineer wireless schemas
Simon PLC,Configurable actuating flexibility for cultivate collaborative deliverables
Garcia-Smith,Total needs-based success for benchmark frictionless niches
Hanson-Murphy,Implemented eco-centric challenge for deliver robust applications
Villanueva-Holt,Re-engineered methodical standardization for deliver granular applications
"Lucas, Madden and Brooks",Team-oriented asymmetric open system for strategize world-class solutions
Stone LLC,Versatile modular array for iterate turn-key vortals
Hutchinson-Buck,Streamlined grid-enabled monitoring for disintermediate clicks-and-mortar vortals
Hutchinson and Sons,Assimilated impactful utilization for engineer clicks-and-mortar info-mediaries
Brown PLC,Automated attitude-oriented circuit for architect granular infrastructures
"Lawson, Briggs and Banks",Secured system-worthy process improvement for grow granular action-items
Welch-Mcneil,De-engineered empowering task-force for expedite killer vortals
Webb-Perkins,Devolved intangible firmware for unleash integrated platforms
